start,end,asset_name,delta_downloads
2026.1.3 18.18,2026.1.3 18.34,sf6_dashboard_bundle_latest.zip,1
2026.1.3 21.36,2026.1.3 22.09,sf6_dashboard_bundle_v0.8.4.zip,1
2026.1.5 20.01,2026.1.5 20.25,sf6_dashboard_bundle_latest.zip,1
2026.1.6 21.45,2026.1.6 22.26,sf6_dashboard_bundle_v0.8.6.zip,1
2026.1.10 20.12,2026.1.10 20.27,sf6_dashboard_bundle_v0.9.2.zip,1
2026.1.13 15.52,2026.1.13 16.14,sf6_dashboard_bundle_v0.9.3.zip,1
2026.1.17 18.57,2026.1.17 19.16,sf6_dashboard_bundle_v0.9.3.zip,1
2026.1.18 23.12,2026.1.18 23.32,sf6_dashboard_bundle_v0.9.3.zip,2
2026.1.20 08.56,2026.1.20 10.07,sf6_dashboard_bundle_v0.9.5.zip,1
2026.1.21 03.29,2026.1.21 04.44,sf6_dashboard_bundle_v0.10.2.zip,1
2026.1.23 21.44,2026.1.23 22.31,sf6_dashboard_bundle_v0.10.3.zip,1
2026.1.23 22.58,2026.1.23 23.25,sf6_dashboard_bundle_v0.10.3.zip,1
2026.1.24 21.20,2026.1.24 22.03,sf6_dashboard_bundle_v0.10.3.zip,1
2026.1.24 23.15,2026.1.24 23.35,sf6_dashboard_bundle_v0.10.3.1.zip,1
2026.1.24 23.47,2026.1.24 23.54,sf6_dashboard_bundle_v0.10.3.1.zip,1
2026.1.25 00.31,2026.1.25 00.43,sf6_dashboard_bundle_v0.10.3.zip,1
2026.1.25 11.02,2026.1.25 12.58,sf6_dashboard_bundle_v0.10.3.3.zip,1
2026.1.25 12.58,2026.1.25 13.52,sf6_dashboard_bundle_v0.10.3.3.zip,3
2026.1.25 16.11,2026.1.25 16.32,sf6_dashboard_bundle_v0.10.3.3.zip,1
2026.2.15 10.24,2026.2.15 12.58,sf6_dashboard_bundle_latest.zip,1
2026.2.19 19.28,2026.2.19 20.12,sf6_dashboard_bundle_v0.11.3.zip,1
2026.2.19 20.12,2026.2.19 20.53,sf6_dashboard_bundle_v0.9.5.zip,1
2026.2.19 21.31,2026.2.19 22.49,sf6_dashboard_bundle_v0.11.4.zip,1
2026.2.19 22.49,2026.2.19 23.37,sf6_dashboard_bundle_v0.11.4.zip,1
2026.2.20 22.54,2026.2.20 23.31,sf6_dashboard_bundle_v0.12.1.zip,1
2026.2.22 17.52,2026.2.22 18.16,sf6_dashboard_bundle_v0.13.4.zip,1
2026.3.4 02.27,2026.3.4 03.03,sf6_dashboard_bundle_v0.15.1.zip,1
2026.3.7 00.55,2026.3.7 01.27,sf6_dashboard_bundle_latest.zip,1
2026.3.7 01.27,2026.3.7 02.04,sf6_dashboard_bundle_latest.zip,1
2026.3.7 02.47,2026.3.7 03.24,sf6_dashboard_bundle_v1.1.5.zip,1
2026.4.6 18.52,2026.4.6 19.43,sf6_dashboard_bundle_v1.4.0.zip,1
2026.4.8 12.55,2026.4.8 14.42,sf6_dashboard_bundle_v1.4.0.zip,1
2026.4.8 20.32,2026.4.8 21.09,sf6_dashboard_bundle_latest.zip,1
2026.4.25 08.58,2026.4.25 11.10,sf6_dashboard_bundle_latest.zip,1
2026.5.3 16.10,2026.5.3 17.55,sf6_dashboard_bundle_latest.zip,1
2026.5.3 19.53,2026.5.3 20.31,sf6_dashboard_bundle_latest.zip,2
2026.5.3 20.31,2026.5.3 21.07,sf6_dashboard_bundle_latest.zip,2
2026.5.3 22.43,2026.5.3 23.33,sf6_dashboard_bundle_latest.zip,3
2026.5.11 20.46,2026.5.11 23.09,sf6_dashboard_bundle_v2.0.8.zip,1
2026.5.12 21.07,2026.5.12 23.45,sf6_dashboard_bundle_v2.1.0.zip,1
2026.6.10 15.07,2026.6.10 19.19,sf6_dashboard_bundle_latest.zip,1
2026.6.10 15.07,2026.6.10 19.19,sf6_dashboard_bundle_v2.2.9.zip,1
2026.6.14 15.48,2026.6.14 19.15,sf6_dashboard_bundle_latest.zip,1
2026.6.14 15.48,2026.6.14 19.15,sf6_dashboard_bundle_v2.2.13.zip,3
2026.6.24 19.36,2026.6.24 21.34,sf6_dashboard_bundle_latest.zip,2
2026.8.3 00.17,2026.8.3 01.14,sf6_dashboard_bundle_v2.11.0.zip,1
2026.8.11 13.06,2026.8.11 14.16,sf6_dashboard_bundle_v1.3.6.zip,2
2026.8.11 14.16,2026.8.11 15.05,sf6_dashboard_bundle_latest.zip,1
2026.8.11 14.16,2026.8.11 15.05,sf6_dashboard_bundle_v0.10.1.zip,1
2026.8.11 14.16,2026.8.11 15.05,sf6_dashboard_bundle_v0.10.2.zip,1
2026.8.11 14.16,2026.8.11 15.05,sf6_dashboard_bundle_v0.10.3.1.zip,1
2026.8.11 14.16,2026.8.11 15.05,sf6_dashboard_bundle_v0.10.3.2.zip,1
2026.8.11 14.16,2026.8.11 15.05,sf6_dashboard_bundle_v0.10.3.3.zip,1
2026.8.11 14.16,2026.8.11 15.05,sf6_dashboard_bundle_v0.10.3.zip,1
2026.8.11 14.16,2026.8.11 15.05,sf6_dashboard_bundle_v0.11.2.zip,1
2026.8.11 14.16,2026.8.11 15.05,sf6_dashboard_bundle_v0.11.3.zip,1
2026.8.11 14.16,2026.8.11 15.05,sf6_dashboard_bundle_v0.11.4.zip,1
2026.8.11 14.16,2026.8.11 15.05,sf6_dashboard_bundle_v0.11.zip,1
2026.8.11 14.16,2026.8.11 15.05,sf6_dashboard_bundle_v0.12.1.zip,1
2026.8.11 14.16,2026.8.11 15.05,sf6_dashboard_bundle_v0.12.2.zip,1
2026.8.11 14.16,2026.8.11 15.05,sf6_dashboard_bundle_v0.13.4.zip,1
2026.8.11 14.16,2026.8.11 15.05,sf6_dashboard_bundle_v0.14.2.zip,1
2026.8.11 14.16,2026.8.11 15.05,sf6_dashboard_bundle_v0.14.3.zip,1
2026.8.11 14.16,2026.8.11 15.05,sf6_dashboard_bundle_v0.15.1.1.zip,1
2026.8.11 14.16,2026.8.11 15.05,sf6_dashboard_bundle_v0.15.1.zip,1
2026.8.11 14.16,2026.8.11 15.05,sf6_dashboard_bundle_v0.15.2.zip,1
2026.8.11 14.16,2026.8.11 15.05,sf6_dashboard_bundle_v0.15.3.zip,1
2026.8.11 14.16,2026.8.11 15.05,sf6_dashboard_bundle_v0.15.4.zip,1
2026.8.11 14.16,2026.8.11 15.05,sf6_dashboard_bundle_v0.15.5.zip,1
2026.8.11 14.16,2026.8.11 15.05,sf6_dashboard_bundle_v0.15.6.zip,1
2026.8.11 14.16,2026.8.11 15.05,sf6_dashboard_bundle_v0.15.7.zip,1
2026.8.11 14.16,2026.8.11 15.05,sf6_dashboard_bundle_v0.4.10.1.zip,1
2026.8.11 14.16,2026.8.11 15.05,sf6_dashboard_bundle_v0.4.10.zip,1
2026.8.11 14.16,2026.8.11 15.05,sf6_dashboard_bundle_v0.4.3.zip,1
2026.8.11 14.16,2026.8.11 15.05,sf6_dashboard_bundle_v0.4.4.zip,1
2026.8.11 14.16,2026.8.11 15.05,sf6_dashboard_bundle_v0.4.5.zip,1
2026.8.11 14.16,2026.8.11 15.05,sf6_dashboard_bundle_v0.4.6.zip,1
2026.8.11 14.16,2026.8.11 15.05,sf6_dashboard_bundle_v0.4.7.zip,1
2026.8.11 14.16,2026.8.11 15.05,sf6_dashboard_bundle_v0.4.8.zip,1
2026.8.11 14.16,2026.8.11 15.05,sf6_dashboard_bundle_v0.4.9.zip,1
2026.8.11 14.16,2026.8.11 15.05,sf6_dashboard_bundle_v0.5.1.1.zip,1
2026.8.11 14.16,2026.8.11 15.05,sf6_dashboard_bundle_v0.5.1.zip,1
2026.8.11 14.16,2026.8.11 15.05,sf6_dashboard_bundle_v0.6.1.zip,1
2026.8.11 14.16,2026.8.11 15.05,sf6_dashboard_bundle_v0.6.2.zip,1
2026.8.11 14.16,2026.8.11 15.05,sf6_dashboard_bundle_v0.6.3.zip,1
2026.8.11 14.16,2026.8.11 15.05,sf6_dashboard_bundle_v0.6.4.zip,1
2026.8.11 14.16,2026.8.11 15.05,sf6_dashboard_bundle_v0.6.5.zip,1
2026.8.11 14.16,2026.8.11 15.05,sf6_dashboard_bundle_v0.6.6.zip,1
2026.8.11 14.16,2026.8.11 15.05,sf6_dashboard_bundle_v0.6.7.zip,1
2026.8.11 14.16,2026.8.11 15.05,sf6_dashboard_bundle_v0.6.8.zip,1
2026.8.11 14.16,2026.8.11 15.05,sf6_dashboard_bundle_v0.6.9.zip,1
2026.8.11 14.16,2026.8.11 15.05,sf6_dashboard_bundle_v0.7.1.zip,1
2026.8.11 14.16,2026.8.11 15.05,sf6_dashboard_bundle_v0.8.3.zip,1
2026.8.11 14.16,2026.8.11 15.05,sf6_dashboard_bundle_v0.8.4.zip,1
2026.8.11 14.16,2026.8.11 15.05,sf6_dashboard_bundle_v0.8.5.zip,1
2026.8.11 14.16,2026.8.11 15.05,sf6_dashboard_bundle_v0.8.6.zip,1
2026.8.11 14.16,2026.8.11 15.05,sf6_dashboard_bundle_v0.8.7.zip,1
2026.8.11 14.16,2026.8.11 15.05,sf6_dashboard_bundle_v0.9.1.zip,1
2026.8.11 14.16,2026.8.11 15.05,sf6_dashboard_bundle_v0.9.2.zip,1
2026.8.11 14.16,2026.8.11 15.05,sf6_dashboard_bundle_v0.9.3.zip,1
2026.8.11 14.16,2026.8.11 15.05,sf6_dashboard_bundle_v0.9.4.zip,1
2026.8.11 14.16,2026.8.11 15.05,sf6_dashboard_bundle_v0.9.5.zip,1
2026.8.11 14.16,2026.8.11 15.05,sf6_dashboard_bundle_v1.1.4.zip,1
2026.8.11 14.16,2026.8.11 15.05,sf6_dashboard_bundle_v1.1.5.zip,1
2026.8.11 14.16,2026.8.11 15.05,sf6_dashboard_bundle_v1.1.6.zip,1
2026.8.11 14.16,2026.8.11 15.05,sf6_dashboard_bundle_v1.1.7.zip,1
2026.8.11 14.16,2026.8.11 15.05,sf6_dashboard_bundle_v1.2.1.zip,1
2026.8.11 14.16,2026.8.11 15.05,sf6_dashboard_bundle_v1.2.3.zip,1
2026.8.11 14.16,2026.8.11 15.05,sf6_dashboard_bundle_v1.2.4.zip,1
2026.8.11 14.16,2026.8.11 15.05,sf6_dashboard_bundle_v1.3.1.zip,1
2026.8.11 14.16,2026.8.11 15.05,sf6_dashboard_bundle_v1.3.10.zip,1
2026.8.11 14.16,2026.8.11 15.05,sf6_dashboard_bundle_v1.3.11.zip,1
2026.8.11 14.16,2026.8.11 15.05,sf6_dashboard_bundle_v1.3.2.zip,1
2026.8.11 14.16,2026.8.11 15.05,sf6_dashboard_bundle_v1.3.3.zip,1
2026.8.11 14.16,2026.8.11 15.05,sf6_dashboard_bundle_v1.3.4.zip,1
2026.8.11 14.16,2026.8.11 15.05,sf6_dashboard_bundle_v1.3.5.zip,1
2026.8.11 14.16,2026.8.11 15.05,sf6_dashboard_bundle_v1.3.7.zip,1
2026.8.11 14.16,2026.8.11 15.05,sf6_dashboard_bundle_v1.3.8.zip,1
2026.8.11 14.16,2026.8.11 15.05,sf6_dashboard_bundle_v1.3.9.zip,1
2026.8.11 14.16,2026.8.11 15.05,sf6_dashboard_bundle_v1.4.0.zip,1
2026.8.11 14.16,2026.8.11 15.05,sf6_dashboard_bundle_v1.4.1.zip,1
2026.8.11 14.16,2026.8.11 15.05,sf6_dashboard_bundle_v1.5.0.zip,1
2026.8.11 14.16,2026.8.11 15.05,sf6_dashboard_bundle_v1.5.1.zip,1
2026.8.11 14.16,2026.8.11 15.05,sf6_dashboard_bundle_v1.5.2.zip,1
2026.8.11 14.16,2026.8.11 15.05,sf6_dashboard_bundle_v1.5.3.zip,1
2026.8.11 14.16,2026.8.11 15.05,sf6_dashboard_bundle_v1.5.4.zip,1
2026.8.11 14.16,2026.8.11 15.05,sf6_dashboard_bundle_v1.5.5.zip,1
2026.8.11 14.16,2026.8.11 15.05,sf6_dashboard_bundle_v1.6.0.zip,1
2026.8.11 14.16,2026.8.11 15.05,sf6_dashboard_bundle_v1.7.0.zip,1
2026.8.11 14.16,2026.8.11 15.05,sf6_dashboard_bundle_v1.7.1.zip,1
2026.8.11 14.16,2026.8.11 15.05,sf6_dashboard_bundle_v1.7.2.zip,1
2026.8.11 14.16,2026.8.11 15.05,sf6_dashboard_bundle_v1.7.3.zip,1
2026.8.11 14.16,2026.8.11 15.05,sf6_dashboard_bundle_v1.7.4.zip,1
2026.8.11 14.16,2026.8.11 15.05,sf6_dashboard_bundle_v1.7.5.zip,1
2026.8.11 14.16,2026.8.11 15.05,sf6_dashboard_bundle_v1.7.6.zip,1
2026.8.11 14.16,2026.8.11 15.05,sf6_dashboard_bundle_v1.8.0.zip,1
2026.8.11 14.16,2026.8.11 15.05,sf6_dashboard_bundle_v1.8.1.zip,1
2026.8.11 14.16,2026.8.11 15.05,sf6_dashboard_bundle_v1.8.2.zip,1
2026.8.11 14.16,2026.8.11 15.05,sf6_dashboard_bundle_v1.9.0.zip,1
2026.8.11 14.16,2026.8.11 15.05,sf6_dashboard_bundle_v1.9.1.zip,1
2026.8.11 14.16,2026.8.11 15.05,sf6_dashboard_bundle_v1.9.2.zip,1
2026.8.11 14.16,2026.8.11 15.05,sf6_dashboard_bundle_v1.9.3.zip,1
2026.8.11 14.16,2026.8.11 15.05,sf6_dashboard_bundle_v2.10.0.zip,1
2026.8.11 14.16,2026.8.11 15.05,sf6_dashboard_bundle_v2.10.1.zip,1
2026.8.11 14.16,2026.8.11 15.05,sf6_dashboard_bundle_v2.10.2.zip,1
2026.8.11 14.16,2026.8.11 15.05,sf6_dashboard_bundle_v2.11.0.zip,1
2026.8.11 14.16,2026.8.11 15.05,sf6_dashboard_bundle_v2.12.0.zip,1
2026.8.11 14.16,2026.8.11 15.05,sf6_dashboard_bundle_v2.13.0.zip,1
2026.8.11 14.16,2026.8.11 15.05,sf6_dashboard_bundle_v2.13.1.zip,1
2026.8.11 14.16,2026.8.11 15.05,sf6_dashboard_bundle_v2.14.0.zip,1
2026.8.11 14.16,2026.8.11 15.05,sf6_dashboard_bundle_v2.14.1.zip,1
2026.8.11 14.16,2026.8.11 15.05,sf6_dashboard_bundle_v2.15.0.zip,1
2026.8.11 14.16,2026.8.11 15.05,sf6_dashboard_bundle_v2.15.1.zip,1
2026.8.11 14.16,2026.8.11 15.05,sf6_dashboard_bundle_v2.15.2.zip,1
2026.8.11 14.16,2026.8.11 15.05,sf6_dashboard_bundle_v2.16.0.zip,1
2026.8.11 14.16,2026.8.11 15.05,sf6_dashboard_bundle_v2.2.10.zip,1
2026.8.11 14.16,2026.8.11 15.05,sf6_dashboard_bundle_v2.2.11.zip,1
2026.8.11 14.16,2026.8.11 15.05,sf6_dashboard_bundle_v2.2.12.zip,1
2026.8.11 14.16,2026.8.11 15.05,sf6_dashboard_bundle_v2.2.13.zip,1
2026.8.11 14.16,2026.8.11 15.05,sf6_dashboard_bundle_v2.3.0.zip,1
2026.8.11 14.16,2026.8.11 15.05,sf6_dashboard_bundle_v2.3.1.zip,1
2026.8.11 14.16,2026.8.11 15.05,sf6_dashboard_bundle_v2.3.2.zip,1
2026.8.11 14.16,2026.8.11 15.05,sf6_dashboard_bundle_v2.3.3.zip,1
2026.8.11 14.16,2026.8.11 15.05,sf6_dashboard_bundle_v2.3.4.zip,1
2026.8.11 14.16,2026.8.11 15.05,sf6_dashboard_bundle_v2.3.5.zip,1
2026.8.11 14.16,2026.8.11 15.05,sf6_dashboard_bundle_v2.4.0.zip,1
2026.8.11 14.16,2026.8.11 15.05,sf6_dashboard_bundle_v2.5.0.zip,1
2026.8.11 14.16,2026.8.11 15.05,sf6_dashboard_bundle_v2.5.1.zip,1
2026.8.11 14.16,2026.8.11 15.05,sf6_dashboard_bundle_v2.6.0.zip,1
2026.8.11 14.16,2026.8.11 15.05,sf6_dashboard_bundle_v2.7.0.zip,1
2026.8.11 14.16,2026.8.11 15.05,sf6_dashboard_bundle_v2.8.0.zip,1
2026.8.11 14.16,2026.8.11 15.05,sf6_dashboard_bundle_v2.9.0.zip,1
2026.8.11 14.16,2026.8.11 15.05,sf6_dashboard_bundle_v2.9.1.zip,1
2026.8.16 18.46,2026.8.16 19.00,sf6_dashboard_bundle_latest.zip,1
